cid,name,birth_type,multiple_birth_num
种族id,种族名,"生育方式(1单胎胎生,2多胎胎生,11带壳卵生,12无壳卵生)","多胞胎产胎数量范围(最小~最大，非多胎种族填1~1)"
int,str,int,str
0,1,0,0
种族类型名称,,,

0,博士,1,1~1
1,卡特斯/奇美拉,2,4~12
2,机械,1,1~1
3,龙,1,1~1
4,奇美拉,1,1~1
5,麒麟,1,1~1
6,阿达克利斯,11,1~1
7,阿纳缇,2,2~6
8,皮洛萨,1,1~1
9,阿斯兰,2,2~4
10,埃拉菲亚,1,1~1
11,安努拉,12,1~1
12,杜林,1,1~1
13,菲林,2,2~5
14,丰蹄,1,1~1
15,鬼,1,1~1
16,卡普里尼,1,1~1
17,卡特斯,2,4~12
18,库兰塔,1,1~1
19,黎博利,11,1~1
20,鲁珀,2,4~6
21,曼提柯,1,1~1
22,佩洛,2,3~6
23,匹特拉姆,11,1~1
24,萨弗拉,11,1~1
25,萨卡兹,1,1~1
26,萨科塔,1,1~1
27,瓦伊凡,11,1~1
28,沃尔珀,1,1~1
29,乌萨斯,2,1~3
30,依特拉,1,1~1
31,札拉克,2,5~10
32,德拉克,11,1~1
33,瑞柏巴,1,1~1
34,阿戈尔,12,1~1
35,海嗣,12,1~1
36,精灵,1,1~1
37,阿纳萨,1,1~1
38,塞拉托,1,1~1
39,斐迪亚,11,1~1
40,堕天使,1,1~1
41,岁片,1,1~1
42,羽蛇,11,1~1
43,神,1,1~1
44,鵺,1,1~1
