key,type,value,get_text,info
键,类型,值,多语言化处理(前面的类型里int则为0，str则为1),备注
AdvNpc,int,4235,0,角色编号
Name,str,珊比,1,角色姓名
Sex,int,1,0,角色性别
Profession,int,6,0,角色职业为重装
Race,int,17,0,角色种族为卡特斯
Nation,int,91,0,角色势力为雷姆必拓
Birthplace,int,9,0,角色出身地为雷姆必拓
Hp,int,1500,0,角色初始体力
Mp,int,1000,0,角色初始气力
Dormitory,str,无,1,角色初始宿舍
Token,str,一个装满了各项物品的背包。如果勇气涌上了心头，就立刻背上它出发吧！,1,角色信物
Introduce_1,str,来自雷姆必拓大涌泉镇的珊比，前来罗德岛接受矿石病治疗，并经由干员安洁莉娜的推荐，以及根据本人意愿，加入外勤部作为重装干员为罗德岛提供帮助。,1,角色介绍
T|0,int,1,0,角色有阴道处女素质
T|1,int,1,0,角色有肛门处女素质
T|2,int,1,0,角色有尿道处女素质
T|3,int,1,0,角色有子宫处女素质
T|4,int,1,0,角色有无接吻经验素质
T|103,int,1,0,角色有萝莉素质
T|111,int,1,0,角色有兽耳素质
T|113,int,1,0,角色有兽尾素质
T|123,int,1,0,角色有普乳素质
T|127,int,1,0,角色有普臀素质
T|129,int,1,0,角色有细腿素质
T|131,int,1,0,角色有小足素质
T|7,int,1,0,角色有未成年素质
T|150,int,1,0,角色有源石病感染者素质
C|0,str,白色花朵发卡,1,角色帽子为白色花朵发卡
C|5-0,str,白色斗篷立领外套,1,角色上衣为白色斗篷立领外套
C|5-1,str,粉色针织内搭,1,角色上衣为粉色针织内搭
C|7,str,橙色半指手套,1,角色手套为橙色半指手套
C|8,str,黑灰格纹毛边短裙,1,角色下衣为黑灰格纹毛边短裙
C|10,str,白色过膝袜,1,角色袜子为白色过膝袜
C|11,str,黑白厚底运动鞋,1,角色鞋子为黑白厚底运动鞋
C|12,str,黄刃工兵铲,1,角色武器为黄刃工兵铲
