cid,food_id,stage,question,correct_answer,wrong_answer_1,wrong_answer_2,wrong_answer_3
问题cid,食物id,烹饪阶段,问题内容,正确答案,错误答案1,错误答案2,错误答案3
int,int,str,str,str,str,str,str
0,0,0,1,1,1,1,1
鲍勃农场源石虫精酿烹饪问题库,,,,,,,
125001,125,备料,酿造源石虫精酿时对虫体原料最关键的前置处理是？,彻底净化并剔除虫体表面的源石结晶,连着源石结晶一并投入糖化锅,只用清水冲一冲便直接使用,把结晶敲碎后混进原料增加风味
125002,125,备料,处理源石虫原料时对操作者的防护要求是？,佩戴防护装备以避免吸入源石粉尘,徒手作业以便更好地把握手感,在通风极差的密室中处理,一边处理一边大口进食
125003,125,备料,精酿啤酒的糖分来源主要是？,经过发芽与烘焙的麦芽,直接投入的整颗生麦粒,大量白砂糖完全替代麦芽,农场里挖来的泥土
125004,125,备料,麦芽在糖化之前需要做的处理是？,粉碎至破皮而不碎壳的程度,磨成极细的面粉状,整粒不碎直接下锅,泡到发芽长出长根
125005,125,备料,精酿中提供苦味与香气的传统原料是？,酒花,大把食盐,整根辣椒,机油
125006,125,备料,酿酒用水在备料阶段的要求是？,水质洁净且矿物组成适合啤酒风格,直接取用农场的灌溉沟水,使用含盐极高的苦咸水,取自积着浮沫的死水塘
125007,125,备料,备料阶段对发酵设备的处理是？,彻底清洗并做消毒杀菌处理,用清水快速冲一遍即可,拿干布擦去表面浮灰,直接使用沾满旧糟的脏桶
125008,125,备料,选取酿酒酵母时较合适的做法是？,选用活性良好且适配风格的啤酒酵母,随便取用发面的面包酵母,依靠空气中自然落入的野菌,刮取墙皮上的霉斑使用
125009,125,备料,源石虫肉在投料前的常见处理是？,清洗去壳并按需分切以便萃取风味,连壳带泥整只投入,晒到彻底焦干再碾碎混入,不作处理放置数日待其腐坏
125010,125,备料,鲍勃农场自养源石虫相较野生捕捉的好处是？,来源可控且更易保证净化与卫生,野生的虫子一定更加安全,自养的虫子完全不含源石,两者之间没有任何差别
125011,125,备料,备料时称量麦芽与虫料配比的稳妥做法是？,按配方比例精确称量并记录,凭感觉随手抓上几把,虫料越多越好尽量多加,只放一点点意思一下
125012,125,备料,备料完成后所有原料应处于什么状态？,分类洁净且用量称量妥当,全部堆在一处随意混放,露天敞放任凭尘土落入,与杂物混装在同一容器中
125013,125,烹饪,糖化这一步骤的作用是？,让麦芽中的淀粉转化为可发酵的糖,直接把麦芽煮成焦糖,把麦芽中的酒精提取出来,让麦芽自然发霉
125014,125,烹饪,糖化过程中温度控制的关键是？,在酶活跃的温度区间稳定保持,越高越好一直保持沸腾,越低越好放进冰水中糖化,任其忽冷忽热随意变化
125015,125,烹饪,过滤麦汁的目的是？,分离出清澈麦汁并留下麦糟,把麦糟一并留在麦汁里,滤掉糖分只留下清水,把麦汁全部倒掉只留糟
125016,125,烹饪,麦汁煮沸环节的主要作用是？,杀菌浓缩并使酒花的苦味与香气析出,单纯为了把麦汁烧干,让酒精在此时大量生成,把麦汁煮成固体块
125017,125,烹饪,酒花投放时机的一般原则是？,早投重苦味而晚投重香气,无论何时投放效果完全相同,只能在发酵结束后投放,必须在糖化之前全部投完
125018,125,烹饪,源石虫风味物质通常在哪一步融入酒中？,在麦汁煮沸阶段随虫料一同萃取,在装瓶之后再塞进整只虫子,在麦芽发芽时就混入虫料,在饮用前直接放一只活虫进杯中
125019,125,烹饪,煮沸后的麦汁在接种酵母前必须做什么？,迅速冷却至适宜的接种温度,趁滚烫时立刻投入酵母,放置数日等其自然降温,直接倒入冰块降温并稀释
125020,125,烹饪,主发酵期间对温度的要求是？,保持在酵母适宜区间且尽量恒定,越热越好紧挨着火炉摆放,越冷越好塞进冰窖里,任其忽冷忽热随天气变化
125021,125,烹饪,发酵容器上安装水封的作用是？,让二氧化碳排出而阻止杂菌进入,彻底密死不留任何排气通道,让空气自由进出以助发酵,单纯是为了好看
125022,125,烹饪,判断主发酵是否接近完成可观察什么？,气泡明显减少且糖度趋于稳定,气泡突然变得愈发剧烈,液面浮起一层厚厚白霜,酒液开始倒着向上流淌
125023,125,烹饪,精酿在主发酵后进行低温后熟的意义是？,让不良风味物质消解并使酒体澄清,让酒精度数继续大幅上升,使酒液迅速变成深黑色,把啤酒变成浓稠糖浆
125024,125,烹饪,发酵期间频繁开盖查看的风险是？,极易引入杂菌造成整批酒污染,能让酒发酵得更快更好,可以让酒液吸收更多香气,完全没有任何风险
125025,125,调味,源石虫精酿调味追求的核心平衡是？,麦芽甜香与酒花苦味以及虫料鲜味彼此协调,苦味压过一切其他味道,甜味腻到尝不出别的滋味,怪味越多越显特色
125026,125,调味,想加强精酿香气的常用手法是？,在后期投入酒花进行干投增香,倒入大量人工香精快速增香,投入香皂借取它的香味,滴入清洁剂去除杂味
125027,125,调味,判断精酿苦味是否合适较专业的方式是？,依据配方计算苦味值并结合实际品评,单凭酒液颜色深浅判断,以泡沫多少来推断苦度,凭瓶身重量来估算
125028,125,调味,精酿装瓶前补糖的作用是？,为瓶内二次发酵提供糖分以产生气泡,单纯为了让酒变得更甜,让酒精度数瞬间翻倍,使酒液颜色变浅
125029,125,调味,补糖量过多会造成的后果是？,瓶内压力过高有炸瓶的危险,酒液会变得完全没有气泡,酒会立刻变成清水,瓶子会自动打开
125030,125,调味,源石虫风味在成品中理想的呈现是？,作为一层独特鲜味垫底而不夺麦香,彻底盖过麦香成为唯一味道,完全尝不出任何虫料的痕迹,呈现出刺鼻的腥臭味
125031,125,调味,若精酿苦味过重可如何调整？,提高麦芽甜度或减少酒花用量重新配比,继续追加酒花以苦压苦,加入大量食盐中和苦味,兑入清水直至稀释到无味
125032,125,调味,调味阶段对卫生的要求是？,所有接触酒液的器具均需消毒,只要看着干净便可直接使用,收工之后再统一清洗即可,用刚翻过泥土的手直接搅拌
125033,125,调味,源石虫精酿泛出微光时正确的态度是？,确认是否为原料自然带来的正常现象并检测安全,直接无视一切异常照常装瓶,认为越亮说明品质越好,故意加入更多结晶让它更亮
125034,125,调味,精酿冷藏澄清的作用是？,使悬浮物沉降令酒液更为清亮,让酒液变得更加浑浊,使酒精度数升高,让泡沫彻底消失
125035,125,调味,为精酿增添特色时较稳妥的做法是？,以天然辅料少量试配并逐批品评,一次性大量投入多种奇怪材料,凭想象随手乱加毫不记录,把所有能找到的东西都倒进去
125036,125,调味,精酿调味最终追求的整体风格是？,泡沫细密且苦甜鲜三味层次分明,苦得让人一口也喝不下去,甜得像糖浆一样黏腻,尝不出任何味道如同白水
125037,125,装盘,精酿装瓶之前通常先要做什么？,分离沉淀的酵母与杂质使酒液清亮,连同底部酵母泥一并装瓶,用力摇匀让沉淀均匀分散,撒入细沙帮助沉淀下沉
125038,125,装盘,装瓶时应尽量避免的操作是？,剧烈冲击造成过度氧化与跑气,沿瓶壁缓缓注入减少扰动,尽量降低落差平稳灌装,装瓶后立即封盖
125039,125,装盘,盛装精酿的酒瓶应保持什么状态？,洁净干燥且经过消毒,刚冲过水还挂满水珠,取来旧瓶不洗便直接灌装,瓶中还残留着别的饮料
125040,125,装盘,精酿封盖的要点是？,严密压盖以保住瓶内气压,松松盖上不必压紧,敞开瓶口好让酒液透气,用纸团随手塞住瓶口
125041,125,装盘,倒精酿入杯时想获得漂亮泡沫应如何？,先沿杯壁缓倒再拉高酒线激出泡沫,从头到尾贴着杯壁不产生任何泡沫,举高猛砸让泡沫溢出满桌,倒完后用勺子把泡沫全部刮掉
125042,125,装盘,饮用源石虫精酿较合适的温度是？,适度冰镇以突出爽利口感,加热到滚烫再行饮用,冻至结冰后连冰一起嚼,完全不必在意温度高低
125043,125,装盘,盛装精酿较合适的杯具是？,洁净无油且能聚集泡沫的啤酒杯,内壁沾着油污的旧杯子,豁了口的粗陶破碗,还残留着洗涤剂泡沫的杯子
125044,125,装盘,啤酒杯内残留油脂的影响是？,会使泡沫迅速消散影响观感与口感,能让泡沫变得更加持久,可以让酒液更加清亮,对泡沫毫无影响
125045,125,装盘,精酿倒入杯中的分量较合适的是？,酒液约占大半并留出适当泡沫层,满斟到泡沫溢出满桌,只在杯底浅浅铺上一层,倒得洒满整张桌面
125046,125,装盘,装瓶完成后较合适的存放方式是？,置于阴凉避光处直立存放,摆在阳光直射的窗台上,随手丢在高温的灶台旁,整瓶浸在水盆里存放
125047,125,装盘,精酿上桌之前最后应检查什么？,确认酒液清亮无异味且封盖完好,大致扫一眼便端上桌,完全不加检查直接呈上,把洒在地上的酒收回瓶中
125048,125,装盘,若发现瓶中有异常发亮的悬浮颗粒应如何处理？,停止供应并送检确认是否为源石残留,直接摇匀后照常端上桌,告诉客人那是特色装饰,再多加一些让它更明显
125049,125,调味_精液,在源石虫精酿中悄然混入精液时首要考量的是？,借酒花苦香与浓密泡沫将腥气自然遮掩,加热处理令精液腥气彻底挥发,直接大量灌入静待其自行消散,把精液晒干磨粉后撒入桶中
125050,125,调味_精液,精酿的浓密泡沫对掩饰精液有何帮助？,泡沫层能遮蔽液面异物并分散嗅觉注意,泡沫会把精液成分彻底分解,泡沫会使精液自动沉底,泡沫与掩饰之间毫无关系
125051,125,调味_精液,想让精液不留痕迹地融入精酿应如何操作？,少量加入并缓慢搅动以免起沫过度,一次性大量注入后猛烈晃动酒桶,先将精液冷冻成块再投入酒中,把整桶酒连同精液一并煮沸
125052,125,调味_精液,混入精液后检验精酿是否正常的方法是？,观察泡沫与澄清度并少量自行品尝确认,反复大口豪饮直到察觉为止,把酒滴在试纸上检测其成分,端给路过的陌生人替自己辨别
125053,125,调味_精液,把精液混入精酿时对用量的把握应如何？,控制在极少量以不影响酒体清亮与泡沫,混入越多越能凸显特殊风味,只要不超过半桶都可随意添加,一次把全部精液混入才算完成
125054,125,调味_精液,为避免精液在精酿中形成明显絮状应如何处理？,轻柔缓慢搅拌并低温静置后取上层清液,用力剧烈摇晃酒桶强行乳化,加热使絮状更明显后再撇去,任其漂浮等临饮之前再晃匀
125055,125,调味_精液,选择在哪个环节把精液混入精酿最不易被察觉？,在后熟澄清之后的装瓶前调味环节悄悄加入,在糖化煮沸的锅中直接注入,在麦芽粉碎时就掺进料中,在斟酒待客时当众公开注入
125056,125,调味_精液,精酿带气泡的特性对混入精液的影响是？,气泡上浮会把细微异物带到液面而易被看见,气泡能把精液彻底冲散消失,气泡会让精液变成透明的水,气泡与混入之间毫无关系
125057,125,调味_精液,混入精液的精酿倒出后如何进一步掩盖气味？,借酒花的浓郁苦香与麦芽甜香第一时间盖过,在杯沿涂抹大量浓香香水,上桌前加热蒸干液面上方的气味,在杯口盖布让宾客隔布饮用
125058,125,调味_精液,将精液融入源石虫精酿调味时最关键的成功要素是？,精准控制用量并保持酒体清亮与泡沫正常,用量多才是关键多多益善,混入的动作越快越不容易被察觉,混入后立刻封桶不作任何多余处置
125059,125,装盘_精液,装盘精酿时精液射在何处视觉效果最为突出？,射于洁白泡沫层上使乳白凝团陷入泡沫格外显眼,射在托盘边缘完全不接触酒液,射在桌布上再用勺子刮进杯中,射入瓶底让沉淀将其掩盖
125060,125,装盘_精液,为让成品上的精液气味尽量明显应如何安排射精时机？,在倒好酒泡沫最盛时即刻射出以保住新鲜腥气,提前射好放置许久之后再端上桌,在煮沸阶段就射入以便长时间加热,在接种酵母之前射进麦汁里
125061,125,装盘_精液,精液落在琥珀色精酿与白色泡沫之间会形成怎样的层次？,乳白黏液压塌部分泡沫在琥珀酒体上留下清晰痕迹,精液会立刻完全溶解得毫无痕迹,精液会被泡沫弹开完全不接触酒液,酒液整体会变得与精液同色
125062,125,装盘_精液,精液落在泡沫层上对泡沫会产生什么可见影响？,局部泡沫迅速消泡形成明显的凹陷缺口,泡沫会因此变得更加丰厚持久,泡沫会瞬间全部消失得干干净净,泡沫完全不会发生任何变化
125063,125,装盘_精液,想让精液气味在装盘后最为突出应注意什么？,射出后不作搅拌任其保持原貌静留于泡沫之上,立即搅匀使气味在酒中均匀扩散,加热酒杯令腥气尽快挥发散去,盖上遮罩以免气味外溢
125064,125,装盘_精液,装盘时精液落入精酿后在味觉上会有何体现？,黏腻微咸与酒花苦香交叠形成突兀的口感落差,精酿会立刻变得极为甜腻毫无苦味,精液的味道会被酒液彻底中和消弭,品饮者不会有任何额外的味觉感受
125065,125,装盘_精液,射精装盘时对射出量的把握应如何以保证嗅觉冲击？,在泡沫面留下清晰可见的乳白覆盖使腥气可闻,只滴上一两滴象征性地点缀,尽量全射在杯外只让气味飘入,射出后立刻用酒液大量冲淡
125066,125,装盘_精液,为让品鉴者端杯时第一时间察觉精液气息应如何处理？,射于杯口附近使其挂壁并散出腥甜气息迎鼻而来,射入杯底让它藏在酒液深处,用勺子把精液压入泡沫之下,上桌之前用干净巾帕将表面拭去
125067,125,装盘_精液,装盘时精液与精酿在质地上形成怎样的对比？,黏稠乳白的精液与轻盈绵密的泡沫形成鲜明质感反差,两者的颜色与质地完全相同毫无分别,精液会使整杯酒同样黏稠难以倾倒,精液会令酒液立刻凝成果冻状
125068,125,装盘_精液,精液覆于精酿泡沫之上后品鉴者入口的第一感受最可能是？,唇齿先陷入黏腻微咸随后才涌上麦芽与酒花的苦甜,与寻常精酿毫无分别不会有额外感受,入口的甜腻会盖住精酿全部的苦味,精酿的气泡感会因此完全消失
125069,125,调味_药物,将白色可溶药片混入源石虫精酿时首先应如何处理药片？,研磨成极细粉末以便迅速溶于酒液,整片投入静待其缓慢化开,掰成大块碎片分批投放,加热熔成液态之后再混入
125070,125,调味_药物,精酿带气泡的特性给混药带来的风险是？,药粉会成为气泡凝结核引起突然涌沫暴露异常,气泡能把药粉彻底分解掉,气泡会让药粉自动沉底藏好,气泡与药粉之间毫无关系
125071,125,调味_药物,为掩盖药物溶入精酿后残留的苦涩应如何处理？,借酒花本身的苦味将药苦自然遮掩,倒入大量糖浆强行中和苦味,加热酒液令苦涩成分挥发殆尽,再兑一种味道极重的饮品掩盖
125072,125,调味_药物,药粉混入精酿的时机如何把握才最不易败露？,在澄清后的装瓶前调味环节悄悄加入并轻搅,在麦芽粉碎之时就投入料中,在煮沸的麦汁里边煮边加,待倒入客人杯中后当众倒入
125073,125,调味_药物,检验药物是否已完全溶解的方法是？,对光观察酒液中是否仍有颗粒或悬浮物,凭苦涩感的强弱判断是否溶尽,把酒煮沸看是否析出固体,用手指搅动感受有无沙粒触感
125074,125,调味_药物,为使入口的苦涩不至突兀加药量应如何把控？,极少量投放使苦涩维持在隐约可感的范围,加得越多越能被酒花压住,只要能完全溶解加多少都无妨,一次多投几片以确保效果充分
125075,125,调味_药物,酒花苦味对掩饰药苦的作用与限度是？,能掩去轻微药苦但过量药物仍会让苦感明显失衡,酒花能把药物成分彻底分解,酒花会让药味变得更加刺鼻,酒花与药味之间毫无关联
125076,125,调味_药物,药物混入后酒液出现轻微浑浊应如何处理？,低温静置待其沉降后轻取上层清液,大力摇晃使浑浊均匀分散开来,加入过量澄清剂强行处理,把浑浊部分倒掉只留其余
125077,125,调味_药物,将药物悄然混入精酿最需要避免的失误是？,投放过量致使涌沫失控且苦涩明显,搅动过于轻柔使溶解略慢,静置的时间略长于必要,用温水代替酒液帮助药片化开
125078,125,调味_药物,为保证加药后的精酿外观与原酒无异应注意什么？,严控药量并滤去残余颗粒以保持清亮与正常泡沫,药片大致溶散便不必在意颗粒,加药之后立即装瓶无需过滤,换用不透明容器遮掩外观变化
125079,125,调味_母乳,将刚榨出的母乳混入源石虫精酿调味时首要考量的是？,少量混入使乳甜隐约可感而不搅浑酒体,尽量多加令乳香彻底压过麦香,加热至沸使母乳气味完全散尽,直接以母乳一比一替换酒液
125080,125,调味_母乳,母乳混入精酿最容易暴露的问题是？,乳脂会消泡并使清亮的酒液变得发浑,母乳会让泡沫变得更加持久,母乳会使酒液瞬间变得透明,母乳完全不会影响酒液外观
125081,125,调味_母乳,母乳与精酿混合后会形成怎样的口感层次？,乳脂的圆润微甜垫在麦香与酒花苦味之下,母乳会使精酿完全失去苦味,两者混合之后会立即凝结成块,混合后所有滋味会彼此抵消殆尽
125082,125,调味_母乳,为让母乳腥甜若隐若现而不压制麦香混入量应如何？,仅加入极少量使腥甜藏于麦芽甜香之下,越多越好用量不必有任何限制,与酒液等量混合使风味平分秋色,一滴都不能加否则便破坏平衡
125083,125,调味_母乳,刚榨出的母乳在混入精酿之前应做什么处理？,静置回温至常温后少量缓缓兑入并轻轻搅匀,加热至高温杀菌之后再混入,冷冻成块之后逐块投入,长时间敞放待腥气自行挥发
125084,125,调味_母乳,混入母乳后为保持精酿泡沫应如何处理？,严格控量并轻柔操作以尽量减少消泡,大力搅打让泡沫与乳脂充分混合,加热煮沸令乳脂凝结后捞出,直接放弃泡沫改用不透光杯子
125085,125,调味_母乳,母乳混入精酿时对搅拌手法的要求是？,轻柔缓慢搅动以免涌沫与浑浊加剧,剧烈快速搅打使其充分乳化,用力沿桶底向上按压推挤,完全不搅静待其自然沉降
125086,125,调味_母乳,加入母乳后想确认腥甜是否恰到好处应如何评估？,少量自行品尝感受腥甜是否处在隐约可感的临界,请多人大口豪饮直到有人察觉,凑到鼻前猛嗅至气味令人难受,一次喝完整杯凭事后回味判断
125087,125,调味_母乳,母乳混入精酿后若腥味压过麦香可如何调整？,减少母乳用量并适度加强酒花的干投香气,继续追加母乳的量以腥压腥,加入浓烈辛香料把腥气彻底覆盖,过滤除去母乳成分后重新调配
125088,125,调味_母乳,使用母乳调味的源石虫精酿成品最终应呈现怎样的风味？,以麦香与酒花苦香为主调而乳腥微甜隐于余味,母乳气息完全压过麦香成为主味,麦香与乳香势均力敌难分主次,任何人入口都能立刻辨认出母乳
